日期,项目方,Chain,项目类型,损失金额($),漏洞类型,attack tx,分析结论,reference link	
2024.5.10,Galaxy Fox,ETH,unverified staking contract,33w+,lack of access control,https://app.blocksec.com/explorer/tx/eth/0x12fe79f1de8aed0ba947cec4dce5d33368d649903cb45a5d3e915cc459e751fcnormal
2023.2.2,Orion Protoco,ETH BSC,liquidity aggregator,3m,Reentrancy,"https://app.blocksec.com/explorer/tx/eth/0xa6f63fcb6bec8818864d96a5b1bb19e8bd85ee37b2cc916412e720988440b2aa,https://app.blocksec.com/explorer/tx/bsc/0xfb153c572e304093023b4f9694ef39135b6ed5b2515453173e81ec02df2e2104",,,
2023.1.3,GDS Token,BSC,,180k,Business Logic Flaw,https://app.blocksec.com/explorer/tx/bsc/0x2bb704e0d158594f7373ec6e53dc9da6c6639f269207da8dab883fc3b5bf6694,,,
2023.1.15,Midas Capital,Polygon,,650k,Flawed Price Dependency,https://app.blocksec.com/explorer/tx/polygon/0x0053490215baf541362fc78be0de98e3147f40223238d5b12512b3e26c0a2c2f,,,
2023.2.1,BonqDAO,Polygon,,120m,Flawed Price Dependency,"https://app.blocksec.com/explorer/tx/polygon/0xa02d0c3d16d6ee0e0b6a42c3cc91997c2b40c87d777136dedebe8ee0f47f32b1,https://app.blocksec.com/explorer/tx/polygon/0x31957ecc43774d19f54d9968e95c69c882468b46860f921668f2c55fadd51b19,https://app.blocksec.com/explorer/tx/polygon/0xd276b1ddff1bea52a8839c37976f4accb4751ca3f70092e66f88e53090452898",,,
2023.2.9,dForce,Optimism Arbitrum,,3.6m,Flawed Price Dependency,"https://app.blocksec.com/explorer/tx/optimism/0x6c19762186c9f32c81eb2a79420fc7ad4485aa916cab37ec278b216757bfba0d,https://app.blocksec.com/explorer/tx/arbitrum/0x5db5c2400ab56db697b3cc9aa02a05deab658e1438ce2f8692ca009cc45171dd",,,
2023.2.16,Platypus,Avalanche,,8.5m,Avalanche,https://app.blocksec.com/explorer/tx/avalanche/0x1266a937c2ccd970e5d7929021eed3ec593a95c68a99b4920c2efa226679b430,,,
2023.2.17,Dexible,ETH,,1.5m,Arbitrary Call,https://app.blocksec.com/explorer/tx/eth/0x138daa4cbeaa3db42eefcec26e234fc2c89a4aa17d6b1870fc460b2856fd11a6,,,
2023.2.24,EFVault,ETH,,5.1m,Storage Collision,https://app.blocksec.com/explorer/tx/eth/0x1fe5a53405d00ce2f3e15b214c7486c69cbc5bf165cf9596e86f797f62e81914,,,
2023.2.27,swapX,BSC,,1m,Access Control Issue,https://app.blocksec.com/explorer/tx/bsc/0x3ee23c1585474eaa4f976313cafbc09461abb781d263547c8397788c68a00160,,,
2023.3.13,Euler Finance,ETH,,200m,Business Logic Flaw,"https://app.blocksec.com/explorer/tx/eth/0x3097830e9921e4063d334acb82f6a79374f76f0b1a8f857e89b89bc58df1f311,https://app.blocksec.com/explorer/tx/eth/0x465a6780145f1efe3ab52f94c006065575712d2003d83d85481f3d110ed131d9,https://app.blocksec.com/explorer/tx/eth/0x62bd3d31a7b75c098ccf28bc4d4af8c4a191b4b9e451fab4232258079e8b18c4,https://app.blocksec.com/explorer/tx/eth/0x71a908be0bef6174bccc3d493becdfd28395d78898e355d451cb52f7bac38617,https://app.blocksec.com/explorer/tx/eth/0x47ac3527d02e6b9631c77fad1cdee7bfa77a8a7bfd4880dccbda5146ace4088f,https://app.blocksec.com/explorer/tx/eth/0xc310a0affe2169d1f6feec1c63dbc7f7c62a887fa48795d327d4d2da2d6b111d",,,
2023.3.17,ParaSpace,ETH,,7m,Flawed Price Dependency,https://app.blocksec.com/explorer/tx/eth/0xe3f0d14cfb6076cabdc9057001c3fafe28767a192e88005bc37bd7d385a1116a,,,
2023.3.28,SafeMoon,BSC,,8.9m,Access Control Issue,https://app.blocksec.com/explorer/tx/bsc/0x48e52a12cb297354a2a1c54cbc897cf3772328e7e71f51c9889bb8c5e533a934,,,
2023.4.1,Allbridge,BSC,,550k,Flawed Price Dependency,https://app.blocksec.com/explorer/tx/bsc/0x7ff1364c3b3b296b411965339ed956da5d17058f3164425ce800d64f1aef8210,,,
2023.4.2,Low-Carb-Crusader,ETH,,25m,Business Logic Flaw,"https://app.blocksec.com/explorer/tx/eth/0xef7f6864a93f8d10dd8fafbe75b041db8c282159fe43632c26a29f176894678e,https://app.blocksec.com/explorer/tx/eth/0x8222caee8d1e1188f7a99af8315486a828aaf3432b6528a8e45b9f1bb73653e3,https://app.blocksec.com/explorer/tx/eth/0x787980ae064cba2430213ffe14bff6fd71193983055725dcf185341bab68811e,https://app.blocksec.com/explorer/tx/eth/0x454c858e7f7b11706335225c72b1eaee13a215e8657a4ae699669d6f1cd18550,https://app.blocksec.com/explorer/tx/eth/0x2bb955b94aa5e2cc0854e23b58268d89aab93e17cb8b11c61996d875f1cc64f9,https://app.blocksec.com/explorer/tx/eth/0x6957ccca95ad6a7f2d698a2362f4881591ff18f18cbc5edb149ce490521639a6,https://app.blocksec.com/explorer/tx/eth/0xa34d79cbe9aef1bf07692885b353d85912523dfc4662611d33dd09ff6c319c85,https://app.blocksec.com/explorer/tx/eth/0x4b2a2d03b3dc136ef94ebe2f3bc36231b104172bcb598104730898f7d81a55db",,,
2023.4.4,Sentiment,Arbitrum,,1m,Flawed Price Dependency,https://app.blocksec.com/explorer/tx/arbitrum/0xa9ff2b587e2741575daf893864710a5cbb44bb64ccdc487a100fa20741e0f74d,,,
2023.4.9,SushiSwap,ETH,,3.3m,Untrusted Input,"https://app.blocksec.com/explorer/tx/eth/0x11d069cbe4490cc483b1ae2e77c9c79493213347b42a8dec2ded25724e2f1835,https://app.blocksec.com/explorer/tx/eth/0x04b166e7b4ab5105a8e9c85f08f6346de1c66368687215b0e0b58d6e5002bc32,https://app.blocksec.com/explorer/tx/eth/0x40be81f859227aa952e70fe1f5e8c84feed6aa3c2a4d6bf38125cd6bc222560a,https://app.blocksec.com/explorer/tx/eth/0xbb9aac794415b2fbe2c947fe37ebb29c75526c150d33dd408ccddbcb52534828,https://app.blocksec.com/explorer/tx/eth/0x6ac2d60c8f48144f2adb10ab161efdd491a791c6a666c450d4b33c6889fc0925,https://app.blocksec.com/explorer/tx/eth/0xea3480f1f1d1f0b32283f8f282ce16403fe22ede35c0b71a732193e56c5c45e8,https://app.blocksec.com/explorer/tx/eth/0x8e28bc58897f35e71b727f3066ae57b4d597014db6778bbf70838347c112e0e1,https://app.blocksec.com/explorer/tx/eth/0x542838429f32b49d71264cc1036bb7cfd66824613ba0c437f7ce4269edb58f74,https://app.blocksec.com/explorer/tx/eth/0x3610d3e3f2381c73f4bd128df9be90de87482802f30712dd555619b8bf3462a4,https://app.blocksec.com/explorer/tx/eth/0x43ff7e01423044cfb501b4fe9ef1386725c0ddc117dadd6e6620cb68bdeaf4f9",,,
2023.4.11,Paribus,Arbitrum,,100k,Reentrancy,https://app.blocksec.com/explorer/tx/arbitrum/0x0e29dcf4e9b211a811caf00fc8294024867bffe4ab2819cc1625d2e9d62390af,,,
2023.4.11,MetaPoint,BSC,,820k,Access Control Issue,https://app.blocksec.com/explorer/tx/bsc/0xccd12f22629b2c42d2b680362dadbd1b3d89cb4a87a8c9b297766b4974c6ad34,,,
2023.4.13,yearnFinance,ETH,,11m,Misconfiguration,"https://app.blocksec.com/explorer/tx/eth/0x8db0ef33024c47200d47d8e97b0fcfc4b51de1820dfb4e911f0e3fb0a4053138,https://app.blocksec.com/explorer/tx/eth/0xd55e43c1602b28d4fd4667ee445d570c8f298f5401cf04e62ec329759ecda95d",,,
2023.4.15,Hundred Finance,Optimism,,7m,Precision Loss,https://app.blocksec.com/explorer/tx/optimism/0x6e9ebcdebbabda04fa9f2e3bc21ea8b2e4fb4bf4f4670cb8483e2f0b2604f451,,,
2023.4.28,0vix Protocol,Polygon,,550k,Flawed Price Dependency,https://app.blocksec.com/explorer/tx/polygon/0x10f2c28f5d6cd8d7b56210b4d5e0cece27e45a30808cd3d3443c05d4275bb008,,,
2023.5.1,Level Finance,BSC,,1m,Business Logic Flaw,https://app.blocksec.com/explorer/tx/bsc/0xe1f257041872c075cbe6a1212827bc346df3def6d01a07914e4006ec43027165,,,
2023.5.5,DEI,Arbitrum,,4.5m,Business Logic Flaw,https://app.blocksec.com/explorer/tx/arbitrum/0xb1141785b7b94eb37c39c37f0272744c6e79ca1517529fec3f4af59d4c3c37ef,,,
2023.5.10,SNK,BSC,,197k,Reward Calculation Error,https://app.blocksec.com/explorer/tx/bsc/0x7394f2520ff4e913321dd78f67dd84483e396eb7a25cbb02e06fe875fc47013a,,,
2023.5.13,SellToken,BSC,,197k,Flawed Price Dependency,https://app.blocksec.com/explorer/tx/bsc/0x7d04e953dad4c880ad72b655a9f56bc5638bf4908213ee9e74360e56fa8d7c6a,,,
2023.5.23,CS Token,BSC,,714k,Business Logic Flaw,https://app.blocksec.com/explorer/tx/bsc/0x906394b2ee093720955a7d55bff1666f6cf6239e46bea8af99d6352b9687baa4,,,
2023.5.24,GPT Token,BSC,,155k,Fee Machenism Exploitation,https://app.blocksec.com/explorer/tx/bsc/0xb77cb34cd01204bdad930d8c172af12462eef58dea16199185b77147d6533391,,,
2023.5.28,Jimbos Protocol,Arbitrum,,8m,Flawed Price Dependency,"https://app.blocksec.com/explorer/tx/arbitrum/0x44a0f5650a038ab522087c02f734b80e6c748afb207995e757ed67ca037a5eda,https://app.blocksec.com/explorer/tx/arbitrum/0x3c6e053faecd331883641c1d23c9d9d37d065e4f9c4086e94a3c34bf8702618a,https://app.blocksec.com/explorer/tx/arbitrum/0xfda5464e97043a2d0093cbed6d0a64f6a86049f5e9608c014396a7390188670e,https://app.blocksec.com/explorer/tx/arbitrum/0xf9baf8cee8973cf9700ae1b1f41c625d7a2abdbcbc222582d24a8f2f790d0b5a",,,
2023.5.28,BabyDogeCoin,BSC,,135k,Lack Slippage Protection,https://app.blocksec.com/explorer/tx/bsc/0x098e7394a1733320e0887f0de22b18f5c71ee18d48a0f6d30c76890fb5c85375,,,
2023.5.31,ERC20TokenBank,ETH,,111k,Flawed Price Dependency,https://app.blocksec.com/explorer/tx/eth/0x578a195e05f04b19fd8af6358dc6407aa1add87c3167f053beb990d6b4735f26,,,
2023.6.12,Sturdy,ETH,,800k,Flawed Price Dependency,https://app.blocksec.com/explorer/tx/eth/0xeb87ebc0a18aca7d2a9ffcabf61aa69c9e8d3c6efade9e2303f8857717fb9eb7,,,
2023.6.17,Pawnfi,ETH,,820k,Untrusted Input,https://app.blocksec.com/explorer/tx/eth/0xe855cc3bad87933bf742fd474bd0ae0ec58d45e9c1a0643b9700dafe8faf0864,,,
2023.6.17,MidasCapitalXYZ,BSC,,600k,Precision Loss,https://app.blocksec.com/explorer/tx/bsc/0x4a304ff08851106691f626045b0f55d403e3a0958363bdf82b96e8ce7209c3a6,,,
2023.6.23,Shido,BSC,,326k,Business Logic Flaw,https://app.blocksec.com/explorer/tx/bsc/0x72f8dd2bcfe2c9fbf0d933678170417802ac8a0d8995ff9a56bfbabe3aa712d6,,,
2023.7.8,CIVNFT,ETH,,180k,Access Control Issue,https://app.blocksec.com/explorer/tx/eth/0x93a033917fcdbd5fe8ae24e9fe22f002949cba2f621a1c43a54f6519479caceb,,,
2023.7.10,Arcadia Finance,ETH Optimism,,400k,Reentrancy,"https://app.blocksec.com/explorer/tx/eth/0xefc4ac015069fdf9946997be0459db44c0491221159220be782454c32ec2d651,https://app.blocksec.com/explorer/tx/optimism/0xca7c1a0fde444e1a68a8c2b8ae3fb76ec384d1f7ae9a50d26f8bfdd37c7a0afe",,,
2023.7.11,Libertify,ETH Polygon,,452k,Reentrancy,"https://app.blocksec.com/explorer/tx/eth/0xcb0ad9da33ecabf75df0a24aabf8a4517e4a7c5b1b2f11fee3b6a1ad9299a282,https://app.blocksec.com/explorer/tx/polygon/0x7320accea0ef1d7abca8100c82223533b624c82d3e8d445954731495d4388483",,,
2023.7.11,Rodeo Finance,Arbitrum,,888k,Flawed Price Dependency,https://app.blocksec.com/explorer/tx/arbitrum/0xb1be5dee3852c818af742f5dd44def285b497ffc5c2eda0d893af542a09fb25a,,,
2023.7.20,FFIST Token,BSC,,110k,Business Logic Flaw,https://app.blocksec.com/explorer/tx/bsc/0x199c4b88cab6b4b495b9d91af98e746811dd8f82f43117c48205e6332db9f0e0,,,
2023.7.21,Conic Finance,ETH,,3.3m,Flawed Price Dependency,https://app.blocksec.com/explorer/tx/eth/0x8b74995d1d61d3d7547575649136b8765acb22882960f0636941c44ec7bbe146,,,
2023.7.24,Palmswap,BSC,,900k,Flawed Price Dependency,https://app.blocksec.com/explorer/tx/bsc/0x62dba55054fa628845fecded658ff5b1ec1c5823f1a5e0118601aa455a30eac9,,,
2023.7.26,Carson Token,BSC,,150k,Flawed Price Dependency,"https://app.blocksec.com/explorer/tx/bsc/0xcd781fec34b46f8c7372a9fcc7604c210b40442dc4f1a5c274fc3f9283df39ce,https://app.blocksec.com/explorer/tx/bsc/0xed52a42b2f45e4dea8d07f70d645931e4f6da65e9ab281cd3dbb9d9d21febb45,https://app.blocksec.com/explorer/tx/bsc/0x6a94a644856c3aa1db8249b700956379b6b3a18de9b8811566fbd56c89240a01,https://app.blocksec.com/explorer/tx/bsc/0x37d921a6bb0ecdd8f1ec918d795f9c354727a3ff6b0dba98a512fceb9662a3ac",,,
2023.7.30,Curve,ETH,,60m,Reentrancy,"https://app.blocksec.com/explorer/tx/eth/0x006763dff653ecddfd3681181a29e7e6d6c2aaa7bafb27fe1376f3f7ce367c1e,https://app.blocksec.com/explorer/tx/eth/0xe928d5de53bea42231d0dd140a3f761adb93081038a368591eb1166168297bdc,https://app.blocksec.com/explorer/tx/eth/0xcd99fadd7e28a42a063e07d9d86f67c88e10a7afe5921bd28cd1124924ae2052,https://app.blocksec.com/explorer/tx/eth/0x2e7dc8b2fb7e25fd00ed9565dcc0ad4546363171d5e00f196d48103983ae477c,https://app.blocksec.com/explorer/tx/eth/0xb676d789bb8b66a08105c844a49c2bcffb400e5c1cfabd4bc30cca4bff3c9801,https://app.blocksec.com/explorer/tx/eth/0xc93eb238ff42632525e990119d3edc7775299a70b56e54d83ec4f53736400964,https://app.blocksec.com/explorer/tx/eth/0xa84aa065ce61dbb1eb50ab6ae67fc31a9da50dd2c74eefd561661bfce2f1620c",,,
2023.8.1,LeetSwap,Base,,630k,Access Control Issue,https://app.blocksec.com/explorer/tx/base/0xf0c2ed12a446713d6e38e7a4f0e05d45360ee9305b7d6e0b796fc44f848f6052,,,
2023.8.3,MEV Bot 0xd61492,Arbitrum,,800k,Unverified User Input,https://app.blocksec.com/explorer/tx/arbitrum/0x864c8cfb8c54d3439613e6bd0d81a5ea2c5d0ad25c9af11afd190e5ea4dcfc1f,,,
2023.8.9,Earning.Farm,ETH,,286k,Reentrancy,https://app.blocksec.com/explorer/tx/eth/0x6e6e556a5685980317cb2afdb628ed4a845b3cbd1c98bdaffd0561cb2c4790fa,,,
2023.8.13,Zunami Protocol,ETH,,2m,Flawed Price Dependency,https://app.blocksec.com/explorer/tx/eth/0x0788ba222970c7c68a738b0e08fb197e669e61f9b226ceec4cab9b85abe8cceb,,,
2023.8.18,Exactly Protocol,Optimism,,7m,Untrusted Input,"https://app.blocksec.com/explorer/tx/optimism/0xe8999fb57684856d637504f1f0082b69a3f7b34dd4e7597bea376c9466813585,https://app.blocksec.com/explorer/tx/optimism/0x1526acfb7062090bd5fed1b3821d1691c87f6c4fb294f56b5b921f0edf0cfad6,https://app.blocksec.com/explorer/tx/optimism/0x3d6367de5c191204b44b8a5cf975f257472087a9aadc59b5d744ffdef33a520e",,,
2023.8.26,SVT,BSC,,400k,Flawed Price Calculation,https://app.blocksec.com/explorer/tx/bsc/0xf2a0c957fef493af44f55b201fbc6d82db2e4a045c5c856bfe3d8cb80fa30c12,,,
2023.8.27,Balancer,ETH,,2m,Precision Loss,https://app.blocksec.com/explorer/tx/eth/0x2a027c8b915c3737942f512fc5d26fd15752d0332353b3059de771a35a606c2d,,,
2023.9.23,Stars Arena,Avalanche,,3m,Reentrancy,https://app.blocksec.com/explorer/tx/avalanche/0x49c5b3b414bf874689de9a5b98c55445659c2fd2ad6f8a3cdd4e0203937c395e,,,
2023.10.11,BH Token,BSC,,1.3m,Business Logic Flaw,https://app.blocksec.com/explorer/tx/bsc/0xc11e4020c0830bcf84bfa197696d7bfad9ff503166337cb92ea3fade04007662,,,
2023.10.12,Platypus,Avalanche,,2m,Business Logic Flaw,https://app.blocksec.com/explorer/tx/avalanche/0xab5f6242fb073af1bb3cd6e891bc93d247e748a69e599a3744ff070447acb20f,,,
2023.10.13,WiseLending.com,ETH,,260k,Precision Loss,https://app.blocksec.com/explorer/tx/eth/0x7ac4a98599596adbf12fffa2bd23e2a2d2ac7e8989b6ea043fcc412a29126555,,,
2023.10.18,Hope.money,ETH,,825k,Precision Loss,https://app.blocksec.com/explorer/tx/eth/0x1a7ee0a7efc70ed7429edef069a1dd001fbff378748d91f17ab1876dc6d10392,,,
2023.10.24,Maestro,ETH,,668k,Arbitrary Calls,https://app.blocksec.com/explorer/tx/eth/0xc087fbd68b9349b71838982e789e204454bfd00eebf9c8e101574376eb990d92,,,
2023.10.28,Astrid Finance,ETH,,300k,Business Logic Flaw,https://app.blocksec.com/explorer/tx/eth/0x8af9b5fb3e2e3df8659ffb2e0f0c1f4c90d5a80f4f6fccef143b823ce673fb60,,,
2023.11.1,OnyxProtocol,ETH,,2m,Precision Loss,https://app.blocksec.com/explorer/tx/eth/0xf7c21600452939a81b599017ee24ee0dfd92aaaccd0a55d02819a7658a6ef635,,,
2023.11.6,TheStandard.io,Arbitrum,,290k,Lack of Slippage Protection,https://app.blocksec.com/explorer/tx/arbitrum/0x51293c1155a1d33d8fc9389721362044c3a67e0ac732b3a6ec7661d47b03df9f,,,
2023.11.7,MEV Bot 0x05f016,ETH,,2m,Access Control Issue,https://app.blocksec.com/explorer/tx/eth/0xbc08860cd0a08289c41033bdc84b2bb2b0c54a51ceae59620ed9904384287a38,,,
2023.11.10,Raft,ETH,,3.2m,Precision Loss,https://app.blocksec.com/explorer/tx/eth/0xfeedbf51b4e2338e38171f6e19501327294ab1907ab44cfd2d7e7336c975ace7,,,
2023.11.12,MEV Bot 0xa24734,ETH,,150k,Access Control Issue,"https://app.blocksec.com/explorer/tx/eth/0xdfbfb0387129541c65934e71deee404ea70de6629258ae49d9f24bcf6e866ea6,https://app.blocksec.com/explorer/tx/eth/0xb56e984a866afed36ccf28c2a659845f5529d7de3f609d67c16c20e337c106fc,https://app.blocksec.com/explorer/tx/eth/0x573199feba92ab6577847f2baa634ec84845d96474af31ca81a6b82ab3a4178f,https://app.blocksec.com/explorer/tx/eth/0x53eeab4447db331dbb47f93fd58a95d6faa230d559acde0687f8b5f5829e7a45",,,
2023.11.12,MEV Bot 0x8c2d4e,BSC,,365k,Access Control Issue,https://app.blocksec.com/explorer/tx/bsc/0x3dcb26a1f49eb4d02ca29960b4833bfb2e83d7b5d9591aed1204168944c8c9b3,,,
2023.11.22,KyberSwap,Optimism Arbitrum Polygon ETH Avalanche Base,,46m,Precision Loss,"https://app.blocksec.com/explorer/tx/optimism/0xef2c710b4dab33844b6affb1b05bdb943a1f89d4c22fdd6ddd5b07ea12d92360,https://app.blocksec.com/explorer/tx/optimism/0xef2c710b4dab33844b6affb1b05bdb943a1f89d4c22fdd6ddd5b07ea12d92360,https://app.blocksec.com/explorer/tx/polygon/0x34e5c79d5c11426286313db5069b8ecd07f5e32ac5afa4b08cbe181d33627ad7,https://app.blocksec.com/explorer/tx/polygon/0xb58c81460ef0167f492fb4900e9da60cc6fa1117bd5b67b2100bb5b5e5df8b0c,https://app.blocksec.com/explorer/tx/eth/0x396a83df7361519416a6dc960d394e689dd0f158095cbc6a6c387640716f5475,https://app.blocksec.com/explorer/tx/eth/0x09a3a12d58b0bb80e33e3fb8e282728551dc430c65d1e520fe0009ec519d75e8,https://app.blocksec.com/explorer/tx/arbitrum/0x0106c7549ac4e0de16aefce2b8fe339127ee8003b236f623d05edc41429de779,https://app.blocksec.com/explorer/tx/avalanche/0x96d90b23678b34e9ff324bdef7a18bf190289afff848a26882a1fe3110bf9714,https://app.blocksec.com/explorer/tx/avalanche/0x547aea57ae199779afe1f04473cd9a33aba6330df2c80e4d9d033ad3fb4f6e8d,https://app.blocksec.com/explorer/tx/arbitrum/0x567f0ba7741d097b6b1aaba68e8b75b9930f3cf946681cf9ad068aa34eb11c5b,https://app.blocksec.com/explorer/tx/polygon/0x94d9d5e0e57d2c0df400a8e3ad417678ef69f0272a5fcfe0d9ce788063c992bd,https://app.blocksec.com/explorer/tx/arbitrum/0x339a65bb935f69e584ea979aa39282414371767576d4f1186a047768ef0a57c5,https://app.blocksec.com/explorer/tx/optimism/0x7f325cf1201422cf7ab6dd06d66136c55b399144f21b70f09a0c799782c5c874,https://app.blocksec.com/explorer/tx/optimism/0xdaa80d75d872bf2513c09c76d81db54d9ddcfd06d4230e65e3bf8d87d2758db2,https://app.blocksec.com/explorer/tx/arbitrum/0xcea8599b8b82d5c17739fda9fe69a3e19a1613405929b3e191118681b702fc6a,https://app.blocksec.com/explorer/tx/eth/0x485e08dc2b6a4b3aeadcb89c3d18a37666dc7d9424961a2091d6b3696792f0f3,https://app.blocksec.com/explorer/tx/base/0x0a2957e7a2b45db525143d419137de854a741e7d2f61468b1dc3f83c9c27f9f7",,,
2023.12.5,BEARNDAO,BSC,,769k,Lack of Slippage Protection,https://app.blocksec.com/explorer/tx/bsc/0x51913be3f31d5ddbfc77da789e5f9653ed6b219a52772309802226445a1edd5f,,,
2023.12.6,Elephant Money,BSC,,165k,Flawed Price Dependency,"https://app.blocksec.com/explorer/tx/bsc/0x7ccb189c78376bdc35294f1779e7156233bcbc65f8681b3d6a7f512c1c2d5218,https://app.blocksec.com/explorer/tx/bsc/0xd423ae0e95e9d6c8a89dcfed243573867e4aad29ee99a9055728cbbe0a523439",,,
2023.12.13,Hypr Network,ETH,,200k,Business Logic Flaw,https://app.blocksec.com/explorer/tx/eth/0x51ce3d9cfc85c1f6a532b908bb2debb16c7569eb8b76effe614016aac6635f65,,,
2023.12.16,NFT Trader,ETH,,3m,Reentrancy,https://app.blocksec.com/explorer/tx/eth/0xec7523660f8b66d9e4a5931d97ad8b30acc679c973b20038ba4c15d4336b393d,,,
2023.12.17,Floor Protocol,ETH,,1.6m,Business Logic Flaw,https://app.blocksec.com/explorer/tx/eth/0x4d8d7e6f2bdc49e724b8d2a0241cf31d0911a230fa17230c7f025cead1842e93,,,
2023.12.20,Transit Finance,BSC,,110k,Untrusted Input,https://app.blocksec.com/explorer/tx/bsc/0x93ae5f0a121d5e1aadae052c36bc5ecf2d406d35222f4c6a5d63fef1d6de1081,,,
2024.1.2,Radiant Capital,Arbitrum,,4.5m,Accounting Error,"https://app.blocksec.com/explorer/tx/arbitrum/0xc5c4bbddec70edb58efba60c1f27bce6515a45ffcab4236026a5eeb3e877fc6d,https://app.blocksec.com/explorer/tx/arbitrum/0x2af556386c023f7ebe7c662fd5d1c6cc5ed7fba4723cbd75e00faaa98cd14243,https://app.blocksec.com/explorer/tx/arbitrum/0x1ce7e9a9e3b6dd3293c9067221ac3260858ce119ecb7ca860eac28b2474c7c9b",,,
2024.1.4,Gamma Strategies,Arbitrum,,6.5m,Vulnerable Price Dependency,"https://app.blocksec.com/explorer/tx/arbitrum/0xa96584f8ab7c27daea33798bb8a66286c75a2ba57eee3b4192c771f4eb4ac609,https://app.blocksec.com/explorer/tx/arbitrum/0xcbb7ba9aca8467c561e7a1213556fc0da0a7d80d076c08856b590de9ff03f838,https://app.blocksec.com/explorer/tx/arbitrum/0xbbc005af95fdb0decf477989059f70ebae8433955ac3ab1cf77a30ff30f0b615,https://app.blocksec.com/explorer/tx/arbitrum/0xe4bf6f1c964a89d48af60216ce110f4bf54fcbada20b7cefaf6bea55c9f4d542,https://app.blocksec.com/explorer/tx/arbitrum/0xcfdc8147022e8133e74d3576d43ffb56543de30ecf2a4c8c154e51ab18551926,https://app.blocksec.com/explorer/tx/arbitrum/0xf99d4164aa91d94b8b2237a4fbe789c0d117460dcbe2242e832f95447166892b,https://app.blocksec.com/explorer/tx/arbitrum/0xfb044b7d892b812b430decba322922d17c3f902db6040d872d0f845e6eae7ce1,https://app.blocksec.com/explorer/tx/arbitrum/0xe63c77d4a205e1036a230b483753876a93915706af24264e64e470919339ab98,https://app.blocksec.com/explorer/tx/arbitrum/0xff88d10bc452c3dcf04e4ea42c585b86ac521728a40d70ec97e846ed0f0d1597,https://app.blocksec.com/explorer/tx/arbitrum/0xadb209cc735cec128adc9dff43bc4666cf37037efd375970eaf23a2f9fda6e03,https://app.blocksec.com/explorer/tx/arbitrum/0xb678ceb8da285bd6367a3e01af245d93dd23ab8f00a15157955c033a2b3b92c3,https://app.blocksec.com/explorer/tx/arbitrum/0xb678ceb8da285bd6367a3e01af245d93dd23ab8f00a15157955c033a2b3b92c3,https://app.blocksec.com/explorer/tx/arbitrum/0xf71e6e5164f8fb866873eb2ac6a600a5148c374d92b89ecbb37ce540a86a4550",,,
2024.1.5,Loot,ETH,,1.2m,Governance Attack,https://app.blocksec.com/explorer/tx/eth/0xbc8c30b7db136e97251eaa9897853ddf125f155b7c63bbe4c06d704384a40556,,,
2024.1.12,Wise Lending,ETH,,460k,Business Logic Flaw,https://app.blocksec.com/explorer/tx/eth/0x04e16a79ff928db2fa88619cdd045cdfc7979a61d836c9c9e585b3d6f6d8bc31,,,
2024.1.16,Socket,ETH,,3.2m,Unverified User Input,"https://app.blocksec.com/explorer/tx/eth/0x591d054a9db63f0976e533f447df482bed5f24d7429646570b2108a67e24ce54,https://app.blocksec.com/explorer/tx/eth/0xc6c3331fa8c2d30e1ef208424c08c039a89e510df2fb6ae31e5aa40722e28fd6",,,
2024.1.17,BasketDAO,ETH,,107k,Unverified User Input,https://app.blocksec.com/explorer/tx/eth/0x97201900198d0054a2f7a914f5625591feb6a18e7fc6bb4f0c964b967a6c15f6,,,
2024.1.22,DAO_SoulMate,ETH,,319k,Access Control Issue,https://app.blocksec.com/explorer/tx/eth/0x1ea0a2e88efceccb2dd93e6e5cb89e5421666caeefb1e6fc41b68168373da342,,,
2024.1.25,NBLGAME,Optimism,,180k,Reentrancy,https://app.blocksec.com/explorer/tx/optimism/0xf4fc3b638f1a377cf22b729199a9aeb27fc62fe2983a65c4d14b99ee5c5b2328,,,
2024.1.28,Barley Finance,ETH,,130k,Reentrancy,"https://app.blocksec.com/explorer/tx/eth/0xb95f56a93af1dbf477b2c527e186cc37aa4a973f8007717ff6c58ac62eb28a62,https://app.blocksec.com/explorer/tx/eth/0x032c9e7fa7d1697fa64fd4a59f0d08278d27aa537525e9bd17f71f01d36b8b6a,https://app.blocksec.com/explorer/tx/eth/0x2a50db3dac1b4468d226deb53cb34737669b5f93848ac04d4e296ade06f9876c,https://app.blocksec.com/explorer/tx/eth/0x995e880635f4a7462a420a58527023f946710167ea4c6c093d7d193062a33b01",,,
2024.1.30,MIM_Spell,ETH,,6.5m,Precision Loss,"https://app.blocksec.com/explorer/tx/eth/0xdb4616b89ad82062787a4e924d520639791302476484b9a6eca5126f79b6d877,https://app.blocksec.com/explorer/tx/eth/0x26a83db7e28838dd9fee6fb7314ae58dcc6aee9a20bf224c386ff5e80f7e4cf2",,,
2024.1.31,CheckDot Protocol,BSC,,120k,Access Control Issue,https://app.blocksec.com/explorer/tx/bsc/0xdd19e3a1657f8381b561c4d6c9b61be67380e10fd4d367ccad6e8cf28c114e72,,,
2024.2.15,Particle Trade,ETH,,139k,Unverified User Input,"https://app.blocksec.com/explorer/tx/eth/0x2cc3c3cfbdf04441f3349e49768c909ac252ace6f78b24a25d4700a47883514a,https://app.blocksec.com/explorer/tx/eth/0xd9b3e229acc755881890394cc76fde0d7b83b1abd4d046b0f69c1fd9fd495ff6",,,
2024.2.21,DeezNutz_404,ETH,,170k,Accounting Error,https://app.blocksec.com/explorer/tx/eth/0xbeefd8faba2aa82704afe821fd41b670319203dd9090f7af8affdf6bcfec2d61,,,
2024.2.23,Blueberry,ETH,,1.4m,Vulnerable Price Dependency,https://app.blocksec.com/explorer/tx/eth/0xf0464b01d962f714eee9d4392b2494524d0e10ce3eb3723873afd1346b8b06e4,,,
2024.2.28,Seneca,ETH Arbitrum,,6m,Arbitrary Call,"https://app.blocksec.com/explorer/tx/eth/0x9f3712672be7a120757d42fbe15ceefe9578914946bacbd0f3531e7fb7305576,https://app.blocksec.com/explorer/tx/arbitrum/0x5e9c14e30ff1d56da37c17d84378650881095bda2802f0a0bff90fd3a8b11e31,https://app.blocksec.com/explorer/tx/arbitrum/0x3fe4b1486f2a800aa39131b359c0fc4fda0f4aaf621710c6b6754b4107a00fd1,https://app.blocksec.com/explorer/tx/eth/0x6e1baa7ade5bbbabd1cefeb807327aec6082b8b467b9ff74772959c27520c743,https://app.blocksec.com/explorer/tx/eth/0xee02781eda4108f8fb3cca8355218961ad3a3e769b3de8a869acb8ed1654a67e,https://app.blocksec.com/explorer/tx/eth/0x6da8f7cb19d6e56cd9b74298677986b3b55cb9db902175c2627b7d57a85e820d,https://app.blocksec.com/explorer/tx/eth/0xb82239e256404e94edd650c68cea92e146c2f361a09eea11b02624eeaffbaae1,https://app.blocksec.com/explorer/tx/eth/0x23fcf9d4517f7cc39815b09b0a80c023ab2c8196c826c93b4100f2e26b701286",,,
2024.3.5,WOO,Arbitrum,,8.8m,Vulnerable Price Dependency,"https://app.blocksec.com/explorer/tx/arbitrum/0xe80a16678b5008d5be1484ec6e9e77dc6307632030553405863ffb38c1f94266,https://app.blocksec.com/explorer/tx/arbitrum/0x40e1b8c78083fc666cb7598efcecd0ae0af313fc41441386e4db716c2808ce07,https://app.blocksec.com/explorer/tx/arbitrum/0x57e555328b7def90e1fc2a0f7aa6df8d601a8f15803800a5aaf0a20382f21fbd",,,
2024.3.6,TGBS Token,BSC,,150k,Business Logic Flaw,https://app.blocksec.com/explorer/tx/bsc/0xa0408770d158af99a10c60474d6433f4c20f3052e54423f4e590321341d4f2a4,,,
2024.3.8,unizen,Polygon ETH,,2.8m,Unverified User Input,"https://app.blocksec.com/explorer/tx/polygon/0x3eb2002b46de3e4adee9ed9e093e79582f08fed912194d6e869e6cbbf97eb6e9,https://app.blocksec.com/explorer/tx/eth/0x30fef86a72ea7e1109ffeae572439995c78561ffeb968dcbd61c609efc60fdd9,https://app.blocksec.com/explorer/tx/eth/0x57b736acc7a71a5d7d28f0abcf2d0b6553623ad480464ec347ebb30ab05aae33,https://app.blocksec.com/explorer/tx/eth/0x398a7ea42fab5228200835141bb732843b33943a8cf63bf16104568ccdfded62,https://app.blocksec.com/explorer/tx/eth/0xfcba2c38617edab9abf146bf4381edd2674873cc7bae9c6ba505a45e03a7228b,https://app.blocksec.com/explorer/tx/eth/0xbe79c19ab998540e35a514b24ce65c1857c5604e6c0f8f2b485a53002cf02739,https://app.blocksec.com/explorer/tx/eth/0x71369909c1473635961d7618484705b6a83faf55e0e6b6f885ad0c9ed0d97d56,https://app.blocksec.com/explorer/tx/eth/0x68c900fb23f766ee989b73c9845cc1d98ceadbd36f586e2db47d5acfe60857e2,https://app.blocksec.com/explorer/tx/eth/0x610c0f7b64567fa173c701ec106acb192f6ccda5492e2c1d2e39c8a43493f954,https://app.blocksec.com/explorer/tx/eth/0x45534e2b0d807a4b427498b973e6e02bab0ca6857b29e7c0888e9f3e03fcc0e5,https://app.blocksec.com/explorer/tx/eth/0xdd6e9625a9f9d7d91b00aad8d4bbfdc1fef4553a0b21b6f26a4a29cdfcbb4889,https://app.blocksec.com/explorer/tx/eth/0xbe86b5b967a67365e7430ddd1bdf24556c64d1f6ab1e0898c67cf18c62ee584b,https://app.blocksec.com/explorer/tx/eth/0x871cbbf381295e1c1f9014e036d2a6e860ad7571fdee03a10a40be6a905fc499,https://app.blocksec.com/explorer/tx/eth/0xc12a4155c2c90707138e4aef8883c8f724371145823e2f661f19b93e5b3a9d6e",,,
2024.3.14,MO Token,Optimism,,750k,Business Logic Flaw,"https://app.blocksec.com/explorer/tx/optimism/0xedad1792eef7dcb6a4bd515d3d42a9cb4bd9f10c0e2979591fc6d25156ce865c,https://app.blocksec.com/explorer/tx/optimism/0x4ec3061724ca9f0b8d400866dd83b92647ad8c943a1c0ae9ae6c9bd1ef789417,https://app.blocksec.com/explorer/tx/optimism/0x7168160b315350063896ef732d8005a4d36ffd0534e0ee3d58e82271b30b9f6a,https://app.blocksec.com/explorer/tx/optimism/0x2fb0cf4cdbca04019c679dfa51ae1d8f34153c2725ddb998f9959ef87dc174dd,https://app.blocksec.com/explorer/tx/optimism/0xbfd5dd87b9f80b377ca8649d95e4c788336c7913498c1063fa8a88fd624cd80e,https://app.blocksec.com/explorer/tx/optimism/0xb5700b647d13c625b405b57d4429ffc5902aa29a5b4888c3cf93245b279ae02d",,,
2024.3.19,ParaSwap,Optimism ETH Arbitrum Base Polygon,,300k,Access Control Issue,"https://app.blocksec.com/explorer/tx/optimism/0x7da5cc55e0b386d117b78cf63ccac0dd67e34718e8be72e8a07068639039bede,https://app.blocksec.com/explorer/tx/optimism/0x479cf357964bb3bc79e675f2f20b0850d2bc022edbfa596275477bfb57215dcb,https://app.blocksec.com/explorer/tx/eth/0x1e73c4205822c28a5cb85fa354771bb4a72eb1778b68932e7ab7ba9559db09ec,https://app.blocksec.com/explorer/tx/optimism/0xb19f93865b3ec5c3c0beb4537e4ae49c211ab6480a66ea44e0fcfa57879317b5,https://app.blocksec.com/explorer/tx/arbitrum/0x5810fac8671043df0c2c63b6a0e34537ee68a2a9cb26bcdfcf8f7790caa25f16,https://app.blocksec.com/explorer/tx/base/0x018159bb9d694362b344036081f13c0977aabdf846dd3fd6026f47ca575340c4,https://app.blocksec.com/explorer/tx/polygon/0x197dd5574438d20582d0c7eb7ab8e39d11bbb01c5473031af284a257bac24b08,https://app.blocksec.com/explorer/tx/eth/0x35a73969f582872c25c96c48d8bb31c23eab8a49c19282c67509b96186734e60",,,
2024.3.23,ARK Token,BSC,,200k,Access Control Issue,https://app.blocksec.com/explorer/tx/bsc/0xe8b0131fa14d0a96327f6b5690159ffa7650d66376db87366ba78d91f17cd677,,,
2024.3.23,Curio Ecosystem,ETH,,100k,Governance Attack,https://app.blocksec.com/explorer/tx/eth/0x4ff4028b03c3df468197358b99f5160e5709e7fce3884cc8ce818856d058e106,,,
2024.3.25,ZongZi Token,BSC,,223k,Vulnerable Price Dependency,https://app.blocksec.com/explorer/tx/bsc/0x247f4b3dbde9d8ab95c9766588d80f8dae835129225775ebd05a6dd2c69cd79f,,,
2024.3.28,PrismaFi,ETH,,11.6m,Unverified User Input,"https://app.blocksec.com/explorer/tx/eth/0xdc5c56869862f7da6527ec68da9d8e1e04ccc3ca16a6b3ebe8f714432d505245,https://app.blocksec.com/explorer/tx/eth/0x0e38dd693ddbc2f62282932f36a4b8de75f8ea1da530532af26698b4eda9a110,https://app.blocksec.com/explorer/tx/eth/0x3b6c97c76446650e65959723c20489ac792fe9101d57e7349df2ebe9e05d63aa,https://app.blocksec.com/explorer/tx/eth/0xbad3925d76bcde46021b67bf59599f9655d4529682fb21e0ee1a9d27a388e460,https://app.blocksec.com/explorer/tx/eth/0x0c91723ebf69efc84d87ae393af51410491368fe9e9edc29cef38d5479aed140,https://app.blocksec.com/explorer/tx/eth/0x12641ade277ba56215bffe6608fb078beb93bf3bb46a37fba91144790895d580,https://app.blocksec.com/explorer/tx/eth/0xce3cdc7c29eb7dfc565f5d99034789e80c1cd3278adafa26af6f3d21c8412c59,https://app.blocksec.com/explorer/tx/eth/0xcd15358ed1cf3014bb4e88cb1229056cd9a0e81b7d29ede43a4e689e9a97b7a7,https://app.blocksec.com/explorer/tx/eth/0x51ba177ae85e58133c5910e7c3a5d027d2edfa67d10e5e3874c323b88ecc377a,https://app.blocksec.com/explorer/tx/eth/0x395d17328d331d7cdf83097963c3fd8d424d82257d8d6f64618fcc6e1e0065a6,https://app.blocksec.com/explorer/tx/eth/0xfddfb8cbcffb27f9f4564a3a5b0a8adb35bea104afc15d6af49fc004dd7441b0,https://app.blocksec.com/explorer/tx/eth/0xe419162da24761275b7b7e9766f3136ddfd9bdb3c4bff13be685197eed11a3ba,https://app.blocksec.com/explorer/tx/eth/0x4d3831d7dc2496fbcd644a4c4e38efc0bb8d0f09e6daf2118b94262c573ea708,https://app.blocksec.com/explorer/tx/eth/0x5b00512a78bab3a6055d43207ea514f044b25b06c6e4e54b48befceff2c3ac93,https://app.blocksec.com/explorer/tx/eth/0xe15fa959627871845f2f5bbfbd7529e6d2aff20ab14ece743f11641700bd7188,https://app.blocksec.com/explorer/tx/eth/0x0d4b5a415fa9a1452a09f8788c85a4acd2e0866519e73bdc37f5591e027b36ac,https://app.blocksec.com/explorer/tx/eth/0x00c503b595946bccaea3d58025b5f9b3726177bbdc9674e634244135282116c7",,,
2024.4.1,OpenLeverage,BSC,,234k,Reentrancy,"https://app.blocksec.com/explorer/tx/bsc/0x0434bf08a63d70b84fad033d38d8b645498016b3931af4d13f6c11e86848876b,https://app.blocksec.com/explorer/tx/bsc/0xf08b6d36dc6f650c030344b6307ae94528f77a01db11d1284ed966e7e44337d3,https://app.blocksec.com/explorer/tx/bsc/0xa6a1e1a55985ed1d10bee405da0fd32e0670a075e35fd4bd990f4c309fae2839,https://app.blocksec.com/explorer/tx/bsc/0x73e690d72f6d2cbdbdb23f448e10dacc056c5bf7a090c68979cdef3f3af2e9b0,https://app.blocksec.com/explorer/tx/bsc/0x210071108f3e5cd24f49ef4b8bcdc11804984b0c0334e18a9a2cdb4cd5186067,https://app.blocksec.com/explorer/tx/bsc/0xf78a85eb32a193e3ed2e708803b57ea8ea22a7f25792851e3de2d7945e6d02d5",,,
2024.4.1,ATM Token,BSC,,182k,Business Logic Flaw,"https://app.blocksec.com/explorer/tx/bsc/0x458ea2d7e6c5953b0d927aabc1c6a144df276d6ffa55b236087763396ee57067,https://app.blocksec.com/explorer/tx/bsc/0x2c110663cbce4aef8bfbe2f729de5f18ca1ae50bada00bc35584ed354d2fde20,https://app.blocksec.com/explorer/tx/bsc/0xee10553c26742bec9a4761fd717642d19012bab1704cbced048425070ee21a8a",,,
2024.4.12,SumerMoney,Base,,350k,Reentrancy,https://app.blocksec.com/explorer/tx/base/0x619c44af9fedb8f5feea2dcae1da94b6d7e5e0e7f4f4a99352b6c4f5e43a4661,,,
2024.4.19,Hedgey Finance,ETH,,1.8m,Unverified User Input,"https://app.blocksec.com/explorer/tx/eth/0x03c73a343b5a481c9431af2f4a2146a0e77522a23e5cca9b2ea024778589967f,https://app.blocksec.com/explorer/tx/eth/0x9215b87e49fdd5b0e9fd4688f2d315dfdefc73655be529cc68aa3547f8828879,https://app.blocksec.com/explorer/tx/eth/0xe118170da24b23a7b05cffbb830fea48ca8b64bc5a0217322c68c30952004cab,https://app.blocksec.com/explorer/tx/eth/0x0e655a77d225838499f340f5ad928acb0571b8f0e6f6fde87e0ce5f3856422d0,https://app.blocksec.com/explorer/tx/eth/0x83cf8aae6477932bcbde5fde814f8ca40c5acec4db04f5924c8f166401d34985,https://app.blocksec.com/explorer/tx/eth/0x353a710d9a52a919a5d7220211f11e7851cf99f1243373376c8eb2e48a94b396,https://app.blocksec.com/explorer/tx/eth/0x91ef02e6a99bf97cf5ff54d7084736f826fb280b1af14819c4d86a63c4145099,https://app.blocksec.com/explorer/tx/eth/0x9edb3c12cd3d3352ec56c8222aaa51bbec3e47b693deb9ffa3bcd0a0060a420c,https://app.blocksec.com/explorer/tx/eth/0xf336ff5c7465893a87c79ac514abe2e3fac1b3e06cbe185c00ea6af18d4e7a84,https://app.blocksec.com/explorer/tx/eth/0x108a52c403fe206bafb34ce1880138f22591f82b0f45c6c77de7c8787dc6a834,https://app.blocksec.com/explorer/tx/eth/0x51988f56315afb8417c48948092fb6c6b1007b52aac98e71b21010ddeafea95c,https://app.blocksec.com/explorer/tx/eth/0x4eb093c25d111efa1e8b7f6dc32cc47573c4651b6ea2e30d74bf2449c796692f,https://app.blocksec.com/explorer/tx/eth/0xd0c23f115c66a060ffab78c91c6f9085db5af6257a72858b7fd4def6b7735617,https://app.blocksec.com/explorer/tx/eth/0xe4dbeba25b0c0d67f8ecaff5ec7c0a9569ddc10c817ab6815d5bc3dfb22e9ec0,https://app.blocksec.com/explorer/tx/eth/0x47da1ac72d488f746865891c9196c1632ae04f018b285b762b2b564ad1d3a9e5,https://app.blocksec.com/explorer/tx/eth/0xa17fdb804728f226fcd10e78eae5247abd984e0f03301312315b89cae25aa517,https://app.blocksec.com/explorer/tx/eth/0x2606d459a50ca4920722a111745c2eeced1d8a01ff25ee762e22d5d4b1595739",,,
2024.4.24,YIEDL,BSC,,150k,Unverified User Input,"https://app.blocksec.com/explorer/tx/bsc/0x8ef3765665cd849cdf9132ab37caf6aa0f891e1f7d9f418f86a6ab6ea38b6f5b,https://app.blocksec.com/explorer/tx/bsc/0x8710034dadecfc8c26f651c612f613fffdece6e2f9957b9ec8ab843218168c1d,https://app.blocksec.com/explorer/tx/bsc/0x5e468cba495e5f6165418fb9d87d824309c54261055425f33f588dd3b3abbcea,https://app.blocksec.com/explorer/tx/bsc/0x0a89b8670c40b4067b9522a5933c3bf8c44c968103aa642b04c65d49ad9e6457,https://app.blocksec.com/explorer/tx/bsc/0x3629ad588ac120163792e92b6c43bd4bdc5bf35cac66eb7f3a0267df93abc849,https://app.blocksec.com/explorer/tx/bsc/0x0f0d41cb8af42babb043d1ede58ee1f3ab8f87c2c50d5a08c3a12d89cb330299,https://app.blocksec.com/explorer/tx/bsc/0x49ca5e188c538b4f2efb45552f13309cc0dd1f3592eee54decfc9da54620c2ec",,,
2024.4.24,SaitaChain,ETH,,1m,Access Control Issue,"https://app.blocksec.com/explorer/tx/eth/0x903d88a92cbc0165a7f662305ac1bff97430dbcccaa0fe71e101e18aa9109c92,https://app.blocksec.com/explorer/tx/eth/0xe09d350d8574ac1728ab5797e3aa46841f6c97239940db010943f23ad4acf7ae",,,
2024.4.25,NGFS Token,BSC,,190k,Access Control Issue,https://app.blocksec.com/explorer/tx/bsc/0x8ff764dde572928c353716358e271638fa05af54be69f043df72ad9ad054de25,,,
2024.4.25,PikeFinance,ETH Arbitrum,,300k,Unverified User Input,"https://app.blocksec.com/explorer/tx/eth/0x167c97b5897d11b23a6694f30acb71e8deead771d22fe88aee04ca8696a2bffa,https://app.blocksec.com/explorer/tx/arbitrum/0x979ad9b7f5331ea8034305a83b5cd50aea88adec395fff8298dd90eb1b87667f",,,
2024.4.27,Ember Sword,Polygon,,196k,Access Control Issue,https://app.blocksec.com/explorer/tx/polygon/0x11a62441b20e74d586e761885659c3cb45cbc447c89c73c5fd892a634cb8af76,,,
2024.4.30,PikeFinance,ETH Arbitrum Optimism,,1.7m,Storage Collision,"https://app.blocksec.com/explorer/tx/eth/0xe2912b8bf34d561983f2ae95f34e33ecc7792a2905a3e317fcc98052bce66431,https://app.blocksec.com/explorer/tx/arbitrum/0xdac6af5695ba00b3d229574dbf7fcc326d16b9f8a52ad2620637d3022956d157,https://app.blocksec.com/explorer/tx/optimism/0x6baa6332f9a3ed75e727311d6317fb636844d61d9df5e199f9f68711eb632d6f",,,
2024.5.10,Tsuru,Base,,404k,Access Control Issue,https://app.blocksec.com/explorer/tx/base/0xe63a8df8759f41937432cd34c590d85af61b3343cf438796c6ed2c8f5b906f62,,,
2024.5.14,Predy Finance,Arbitrum,,464k,Accounting Error,https://app.blocksec.com/explorer/tx/arbitrum/0xbe163f651d23f0c9e4d4a443c0cc163134a31a1c2761b60188adcfd33178f50f,,,
2024.5.14,SonneFinance,Optimism,,20m,Precision Loss,"https://app.blocksec.com/explorer/tx/optimism/0xb43748ed668c1e44cf0a3e829ca0fe24eceaee7d33d06072bb11ca99afa7f448,https://app.blocksec.com/explorer/tx/optimism/0x67632758ce19a41648f28fba6d3d87c7248202238234137bb4741da097cfa029,https://app.blocksec.com/explorer/tx/optimism/0x100ff0317251b899fe50baea8d0a107dd2fa9dd3b85dcff66f9841f25dfd1a4d,https://app.blocksec.com/explorer/tx/optimism/0x5729810d3cc325597be4f9c1a1c5d03ebad02c55750b966732ed6ab628a8f722,https://app.blocksec.com/explorer/tx/optimism/0xfea20e78a94b3a34951031e3e6fc71f27c348eb7116dc24a777f46e6fe5a81f6,https://app.blocksec.com/explorer/tx/optimism/0x150a8ad61cdf9ba5a687b9cff95c90aa5eaa825ac1b07c016ccb905f97d511c3,https://app.blocksec.com/explorer/tx/optimism/0x9312ae377d7ebdf3c7c3a86f80514878deb5df51aad38b6191d55db53e42b7f0",,,
2024.5.20,Gala,ETH,,21m,Compromised Private Key,https://app.blocksec.com/explorer/tx/eth/0xa6d90abe17d17743a9cecab84bcefb0fd0bbfa0c61bba60fd2f680b0a2f077fe,,,
2024.5.24,Kraken,Base,,3m,Accounting Error,https://app.blocksec.com/explorer/tx/base/0xfbf6b17a9de7f9e1e97eb48dc68a993f7663d4b9530a3cd6cc262e554549e59d,,,
2024.5.26,Normie,Base,,490k,Business Logic Flaw,https://app.blocksec.com/explorer/tx/base/0xa618933a0e0ffd0b9f4f0835cc94e523d0941032821692c01aa96cd6f80fc3fd,,,
2024.5.28,Orion Protocol,BSC,,645k,Business Logic Flaw,https://app.blocksec.com/explorer/tx/bsc/0x660837a1640dd9cc0561ab7ff6c85325edebfa17d8b11a3bb94457ba6dcae18c,,,
2024.5.29,MetaDragon,BSC,,180k,Access Control Issue,https://app.blocksec.com/explorer/tx/bsc/0x3ad998a01ad1f1bbe6dba6a08e658c1749dabfa4a07da20ded3c73bcd6970d20,,,
2024.5.31,TLN Protocol,BSC,,163k,Vulnerable Price Dependency,https://app.blocksec.com/explorer/tx/bsc/0x1350cc72865420ba5d3c27234fd4665ad25c021b0a75ba03bc8340a1b1f98a45,,,
2024.6.1,Velocore,zkSync-Era Linea,,6.8m,Business Logic Flaw,"https://app.blocksec.com/explorer/tx/zksync-era/0x4156d73cadc18419220f5bcf10deb4d97a3d3f7533d63ba90daeabc5fd11ba17,https://app.blocksec.com/explorer/tx/linea/0xed11d5b013bf3296b1507da38b7bcb97845dd037d33d3d1b0c5e763889cdbed1,https://app.blocksec.com/explorer/tx/linea/0x37434e674efc4e7cfeed7746095301ace5636028906fe548b786ead286e35eb0",,,
2024.6.10,UwU Lend,ETH,,23m,Vulnerable Price Dependency,"https://app.blocksec.com/explorer/tx/eth/0x9235e0662e230bdfa94f56f4932fd09a95fea17e4b9b44a4f40a59449e216110,https://app.blocksec.com/explorer/tx/eth/0xca1bbf3b320662c89232006f1ec6624b56242850f07e0f1dadbe4f69ba0d6ac3,https://app.blocksec.com/explorer/tx/eth/0xb3f067618ce54bc26a960b660cfc28f9ea0315e2e9a1a855ede1508eb4017376,https://app.blocksec.com/explorer/tx/eth/0x242a0fb4fde9de0dc2fd42e8db743cbc197ffa2bf6a036ba0bba303df296408b",,,
2024.6.13,Holograph,ETH,,1.3m,Compromised Private Key,https://app.blocksec.com/explorer/tx/eth/0x0cc143ccf3316d47b36a2e45577922f4ebe2374966bb22c1e9cf49c747d46396,,,
2024.7.05,DeFiPlaza,ETH,,196k,Precision Loss,https://app.blocksec.com/explorer/tx/eth/0xa245deda8553c6e4c575baff9b50ef35abf4c8f990f8f36897696f896f240e3a,,,
2024.7.12,Dough Finance,ETH,,1.8m,Access Control Issue,"https://app.blocksec.com/explorer/tx/eth/0x589e9a809ba14ff30fa22333f2432c364377df9ebf2681b6321aaca3028ff613,https://app.blocksec.com/explorer/tx/eth/0x4d52f0dad3ddb7ac5523c51a75a9acd47b244e536b240d692784305b69ca6ab5,https://app.blocksec.com/explorer/tx/eth/0xf356d1b05d26de824baddf1a575a33dcf63e2ecec2a0eaa37b15653b94845b63,https://app.blocksec.com/explorer/tx/eth/0x28a934816ed0371a3fbb2f89986eecf87a22937c40309ff2f58697792215b4da,https://app.blocksec.com/explorer/tx/eth/0x92cdcc732eebf47200ea56123716e337f6ef7d5ad714a2295794fdc6031ebb2e",,,
2024.7.14,Minterest Finance,Mantle,,1.5m,Reentrancy,https://app.blocksec.com/explorer/tx/mantle/0xb3c4c313a8d3e2843c9e6e313b199d7339211cdc70c2eca9f4d88b1e155fd6bd,,,
2024.7.16,LI.FI,ETH Arbitrum,,11m,Arbitrary Call,"https://app.blocksec.com/explorer/tx/eth/0x82f47783e8d3029767090ed9a5ac3e2774d04b8fe908c9ca1f959d1b8c6a83a9,https://app.blocksec.com/explorer/tx/arbitrum/0x48be219ac50107de5a02b417624120f4148b4fe1c01a226c672f838a5e6e0986,https://app.blocksec.com/explorer/tx/eth/0x96436532daf9d1028117945315c565b310f76a2d94e6d176b1aefe5cb0be9144,https://app.blocksec.com/explorer/tx/eth/0x047056478cabe20b7c32a85b34f558dd90e7b3235b77d1a4342fdc15b74c910f,https://app.blocksec.com/explorer/tx/eth/0x909f5000636dce99528ab9a14475744e481a6b4e060fc693cf6e0fca48fa7deb,https://app.blocksec.com/explorer/tx/eth/0xaa88931369fc09f507c9a02b9ccbc6bec1eca83845745ceb551c1f9fba157c4a,https://app.blocksec.com/explorer/tx/eth/0x728c9bf98fcb1f35dd6551fb7a411e841570d2f73ac408916698cecdcffde36a,https://app.blocksec.com/explorer/tx/eth/0xa67d8a6d59dc258e74a93a22abd26d49d159fb123dbe243d3c5b6b41a499086b,https://app.blocksec.com/explorer/tx/eth/0x0729eda09a8b5743d7328a717019d51b2a05634d6fe764d5213fd6fb3e303f59,https://app.blocksec.com/explorer/tx/eth/0x46c001fb4149c2381196c8e1428d966dc44dd46061f8ecf8383a5363adeee312,https://app.blocksec.com/explorer/tx/eth/0x65a92b189e4ae0b8a8a02cd59c5e9f6832586bd5167d41a24eb4f4d2ac692755,https://app.blocksec.com/explorer/tx/eth/0x2cb7206f1067df3e9e4b9e5d05139c4a907f69e235f3ce0f64e424a874c65d54,https://app.blocksec.com/explorer/tx/eth/0x57ff54bda419773a31653fe63dbb00981b6e971b4c2b2b650c2f10b4342f8464,https://app.blocksec.com/explorer/tx/eth/0xde084e8c7cdec910d17ad7aeaa24a2973fc8c36add6d83a42de15446ddaaca5d,https://app.blocksec.com/explorer/tx/eth/0xa63052e97b989eecd789b76f670d6a5ed8a72334ce99831a36d7a642b087537f,https://app.blocksec.com/explorer/tx/eth/0x606a49471ebcb608bf034abd982750d626b7eaf45a963118d5aae5baae4a2da2,https://app.blocksec.com/explorer/tx/eth/0x86fe6933f03c14f75167e560e6635a23fab59b268e68c86d60c4d46afe0aeabc,https://app.blocksec.com/explorer/tx/eth/0xd82fe84e63b1aa52e1ce540582ee0895ba4a71ec5e7a632a3faa1aff3e763873,https://app.blocksec.com/explorer/tx/eth/0x602d810c47a9022b422cf2fa32ec973f887a72df78d40e448d511e82eba5a38a",,  
2024.7.18,WazirX,ETH,,207m,Compromised Private Key,https://app.blocksec.com/explorer/tx/eth/0x48164d3adbab78c2cb9876f6e17f88e321097fcd14cadd57556866e4ef3e185d,,,
2024.7.21,UPS,BSC,,521k,Business Logic Flaw,https://app.blocksec.com/explorer/tx/bsc/0x1ddf415a4b18d25e87459ad1416077fe7398d5504171d4ca36e757b1a889f604,,,
2024.7.22,DeltaPrime,Arbitrum,,1m,Misconfiguration,"https://app.blocksec.com/explorer/tx/arbitrum/0xc4350cf22cabfd88e4221d3496e84cd28841682d60ef89020622844e5879b99f,https://app.blocksec.com/explorer/tx/arbitrum/0x7d6220913cc4a1307f98c4c4b351264d8d02eb2f0e39b5fbf85d0e90594cfdf3",,,
2024.7.23,Spectra,ETH,,550k,Arbitrary Call,https://app.blocksec.com/explorer/tx/eth/0x491cf8b2a5753fdbf3096b42e0a16bc109b957dc112d6537b1ed306e483d0744,,,
2024.8.1,Convergence,ETH,,210k,Unverified User Input,https://app.blocksec.com/explorer/tx/eth/0x636be30e58acce0629b2bf975b5c3133840cd7d41ffc3b903720c528f01c65d9,,,
2024.8.6,TokenStake (Unknown),BSC,,578k,Vulnerable Price Dependency,"https://app.blocksec.com/explorer/tx/bsc/0xb0454dc07a6cc328ea517dbebd8c90fe569d78d443e5170a815a65fe0bf28970,https://app.blocksec.com/explorer/tx/bsc/0x3065bdbc88ff9c7e5bd40c7bf0aab3bf3ffa9b3c3d5ab0744fe774a8f68d0357,https://app.blocksec.com/explorer/tx/bsc/0x2dd67488d958d5d966b779e84678c696eeb1e8eb6ee924b6dbad7232b3677315,https://app.blocksec.com/explorer/tx/bsc/0xb1ad1188d620746e2e64785307a7aacf2e8dbda4a33061a4f2fbc9721048e012,https://app.blocksec.com/explorer/tx/bsc/0x9bc904b75921b396b0e4b93a21f298b5204cf8e01e79930f546b2e9bfad71bb2,https://app.blocksec.com/explorer/tx/bsc/0x76fe3e98a02ef7c3f233415d75a513f6a322188c756ca29f81422d5425e7c7c0,https://app.blocksec.com/explorer/tx/bsc/0x48c2762faf142c344085127b70367e9da2fc6b820589218777cc936d502f6547,https://app.blocksec.com/explorer/tx/bsc/0xffe9ca7960c68a036d2702edb4978ac2eb2c0b8423f60c80a6dc489fb379ff7c,https://app.blocksec.com/explorer/tx/bsc/0x8ae7c021ac1e6ec354d647c4a586a41ebc850b4a4dc21cf7ab1f2257120107a9,https://app.blocksec.com/explorer/tx/bsc/0x94ff0c3f3177a6ffd3365652ae2dc1f0a4ecf5f5758df1fdc3339303992a2ae4",,,
2024.8.6,Ronin Bridge,ETH,,11.8m,Misconfiguration,"https://app.blocksec.com/explorer/tx/eth/0xbce5b8548db486c561948e8a177c8ccaa72810f972cee3909ea50af015a60ad8,https://app.blocksec.com/explorer/tx/eth/0x77bb83dd9b25a0af12c0092993ddf1a2f54b77fbcd1dbf1bf33a965ec707268b,https://app.blocksec.com/explorer/tx/eth/0x2619570088683e6cc3a38d93c3d98899e5783864e15525d5f5810c11189ba6cb",,,
2024.8.12,iVest Token,BSC,,172k,Double Accounting,https://app.blocksec.com/explorer/tx/bsc/0x12f27e81e54684146ec50973ea94881c535887c2e2f30911b3402a55d67d121d,,,
2024.8.13,VOW,ETH,,1m,Misconfiguration,"https://app.blocksec.com/explorer/tx/eth/0xb569340f147cb6d5722490221ba65950a870aaa4db6ab835b8aa128c5dee36b3,https://app.blocksec.com/explorer/tx/eth/0x758efef41e60c0f218682e2fa027c54d8b67029d193dd7277d6a881a24b9a561",,,
2023.12.31,Channels,,,4.4k,,https://app.blocksec.com/explorer/tx/bsc/0xcf729a9392b0960cd315d7d49f53640f000ca6b8a0bd91866af5821fdf36afc5,,,
2023.12.28,CCV,,,3.2k,Precision loss,https://app.blocksec.com/explorer/tx/bsc/0x6ba4152db9da45f5751f2c083bf77d4b3385373d5660c51fe2e4382718afd9b4,,,
2023.12.28,DominoTT,,,5 $WBNB,Precision loss,https://app.blocksec.com/explorer/tx/bsc/0x6ba4152db9da45f5751f2c083bf77d4b3385373d5660c51fe2e4382718afd9b4,,,
2023.12.20,TransitFinance,,,110k,Lack of Validation Pool,https://app.blocksec.com/explorer/tx/bsc/0x93ae5f0a121d5e1aadae052c36bc5ecf2d406d35222f4c6a5d63fef1d6de1081,,,
2023.12.17,Bob,,,3BNB,Price Manipulation,https://bscscan.com/tx/0xfb14292a531411f852993e5a3ba4e7eb63ed548220267b9b3f4aacc5572d3a58,,,
2023.12.14,PHIL,,,2BNB,Business Logic Flaw,https://app.blocksec.com/explorer/tx/bsc/0x51dfa4311d6989c21b460590460a94f854446176fc184b8d1a16314fd043f737,,,
2023.12.9,BCT,,,10.2BNB,Price Manipulation,https://bscscan.com/tx/0xdae0b85e01670e6b6b317657a72fb560fc388664cf8bfdd9e1b0ae88e0679103,,,
2023.12.7,HNet,,,2.4 $WBNB,Business logic flaw,https://app.blocksec.com/explorer/tx/bsc/0x67af906c1efc05067a01f197bd780ebf4e0a76729d54288a400e715f87ea50c7,,,
2023.12.5,MAMO,,,3.3k,Price Manipulation,https://bscscan.com/tx/0x189a8dc1e0fea34fd7f5fa78c6e9bdf099a8d575ff5c557fa30d90c6acd0b29f,,,
2023.11.30,EEE,,,22.8k,Price Manipulation,https://bscscan.com/tx/0x7312d9f9c13fc69f00f58e92a112a3e7f036ced7e65f7e0fa67382488d5557dc,,,
2023.11.6,KR,,,15k,Precision loss,https://app.blocksec.com/explorer/tx/bsc/0x2abf871eb91d03bc8145bf2a415e79132a103ae9f2b5bbf18b8342ea9207ccd7,,,
2023.8.2,Uwerx,,,176ETH,Fault logic,https://etherscan.io/tx/0x3b19e152943f31fe0830b67315ddc89be9a066dc89174256e17bc8c2d35b5af8,,,
2023.1.19,ThoreumFinance-business,,,2000 BNB,logic flaw,https://bscscan.com/tx/0x3fe3a1883f0ae263a260f7d3e9b462468f4f83c2c88bb89d1dee5d7d24262b51,,,
